{
  "images" : [
    {
      "idiom" : "universal",
      "filename" : "全屏发送弹幕_默认.png",
      "scale" : "1x"
    },
    {
      "idiom" : "universal",
      "filename" : "全屏发送弹幕_默认@2x.png",
      "scale" : "2x"
    },
    {
      "idiom" : "universal",
      "filename" : "全屏发送弹幕_默认@3x.png",
      "scale" : "3x"
    }
  ],
  "info" : {
    "version" : 1,
    "author" : "xcode"
  },
  "properties" : {
    "template-rendering-intent" : "original"
  }
}